{
  "version": "v2.3.0-RC1",
  "summary": {
    "title": "New Threat Model",
    "owner": "",
    "description": "",
    "id": 0
  },
  "detail": {
    "contributors": [],
    "diagrams": [
      {
        "cells": [
          {
            "position": {
              "x": 650,
              "y": 100
            },
            "size": {
              "width": 168.75000000000003,
              "height": 90
            },
            "attrs": {
              "text": {
                "text": "Military personnel/\nGovernment officials \n"
              },
              "body": {
                "stroke": "#333333",
                "strokeWidth": 1.5,
                "strokeDasharray": null
              }
            },
            "visible": true,
            "shape": "actor",
            "ports": {
              "groups": {
                "top": {
                  "position": "top",
                  "attrs": {
                    "circle": {
                      "r": 4,
                      "magnet": true,
                      "stroke": "#5F95FF",
                      "strokeWidth": 1,
                      "fill": "#fff",
                      "style": {
                        "visibility": "hidden"
                      }
                    }
                  }
                },
                "right": {
                  "position": "right",
                  "attrs": {
                    "circle": {
                      "r": 4,
                      "magnet": true,
                      "stroke": "#5F95FF",
                      "strokeWidth": 1,
                      "fill": "#fff",
                      "style": {
                        "visibility": "hidden"
                      }
                    }
                  }
                },
                "bottom": {
                  "position": "bottom",
                  "attrs": {
                    "circle": {
                      "r": 4,
                      "magnet": true,
                      "stroke": "#5F95FF",
                      "strokeWidth": 1,
                      "fill": "#fff",
                      "style": {
                        "visibility": "hidden"
                      }
                    }
                  }
                },
                "left": {
                  "position": "left",
                  "attrs": {
                    "circle": {
                      "r": 4,
                      "magnet": true,
                      "stroke": "#5F95FF",
                      "strokeWidth": 1,
                      "fill": "#fff",
                      "style": {
                        "visibility": "hidden"
                      }
                    }
                  }
                }
              },
              "items": [
                {
                  "group": "top",
                  "id": "33d9fdf2-f4e7-473d-8ea2-838ba275c7bc"
                },
                {
                  "group": "right",
                  "id": "48cd0ebe-a105-4029-a8aa-559932fc34da"
                },
                {
                  "group": "bottom",
                  "id": "5954ce1e-494a-46d2-afab-9510e601f648"
                },
                {
                  "group": "left",
                  "id": "c1f713d4-6fe3-4ae3-8460-ac41963ae053"
                }
              ]
            },
            "id": "f7fabde1-ecc4-4a0c-996c-b4f0e28f44e0",
            "zIndex": 1,
            "data": {
              "type": "tm.Actor",
              "name": "Military personnel/\nGovernment officials \n",
              "description": "",
              "outOfScope": false,
              "reasonOutOfScope": "",
              "hasOpenThreats": false,
              "providesAuthentication": false,
              "threats": []
            }
          },
          {
            "position": {
              "x": 1060,
              "y": 450
            },
            "size": {
              "width": 110,
              "height": 110
            },
            "attrs": {
              "text": {
                "text": "AI engine"
              },
              "body": {
                "stroke": "#333333",
                "strokeWidth": 1.5,
                "strokeDasharray": null
              }
            },
            "visible": true,
            "shape": "process",
            "ports": {
              "groups": {
                "top": {
                  "position": "top",
                  "attrs": {
                    "circle": {
                      "r": 4,
                      "magnet": true,
                      "stroke": "#5F95FF",
                      "strokeWidth": 1,
                      "fill": "#fff",
                      "style": {
                        "visibility": "hidden"
                      }
                    }
                  }
                },
                "right": {
                  "position": "right",
                  "attrs": {
                    "circle": {
                      "r": 4,
                      "magnet": true,
                      "stroke": "#5F95FF",
                      "strokeWidth": 1,
                      "fill": "#fff",
                      "style": {
                        "visibility": "hidden"
                      }
                    }
                  }
                },
                "bottom": {
                  "position": "bottom",
                  "attrs": {
                    "circle": {
                      "r": 4,
                      "magnet": true,
                      "stroke": "#5F95FF",
                      "strokeWidth": 1,
                      "fill": "#fff",
                      "style": {
                        "visibility": "hidden"
                      }
                    }
                  }
                },
                "left": {
                  "position": "left",
                  "attrs": {
                    "circle": {
                      "r": 4,
                      "magnet": true,
                      "stroke": "#5F95FF",
                      "strokeWidth": 1,
                      "fill": "#fff",
                      "style": {
                        "visibility": "hidden"
                      }
                    }
                  }
                }
              },
              "items": [
                {
                  "group": "top",
                  "id": "c128ba0c-df74-4a0e-b704-d01afb910647"
                },
                {
                  "group": "right",
                  "id": "12ff0422-0545-4ce3-9846-a48c5835f1c8"
                },
                {
                  "group": "bottom",
                  "id": "9b41dc49-7f58-45d3-a152-5acb9c1bb5d4"
                },
                {
                  "group": "left",
                  "id": "a5d7867d-169a-4042-bf7d-63b31b320eb3"
                }
              ]
            },
            "id": "d9531edb-78fc-4da0-a84b-25a84254b435",
            "zIndex": 4,
            "data": {
              "type": "tm.Process",
              "name": "AI engine",
              "description": "",
              "outOfScope": false,
              "reasonOutOfScope": "",
              "hasOpenThreats": false,
              "handlesCardPayment": false,
              "handlesGoodsOrServices": false,
              "isWebApplication": false,
              "privilegeLevel": "",
              "threats": []
            }
          },
          {
            "position": {
              "x": 322,
              "y": 530
            },
            "size": {
              "width": 110,
              "height": 110
            },
            "attrs": {
              "text": {
                "text": "Data ingestion \nlayer"
              },
              "body": {
                "stroke": "#333333",
                "strokeWidth": 1.5,
                "strokeDasharray": null
              }
            },
            "visible": true,
            "shape": "process",
            "ports": {
              "groups": {
                "top": {
                  "position": "top",
                  "attrs": {
                    "circle": {
                      "r": 4,
                      "magnet": true,
                      "stroke": "#5F95FF",
                      "strokeWidth": 1,
                      "fill": "#fff",
                      "style": {
                        "visibility": "hidden"
                      }
                    }
                  }
                },
                "right": {
                  "position": "right",
                  "attrs": {
                    "circle": {
                      "r": 4,
                      "magnet": true,
                      "stroke": "#5F95FF",
                      "strokeWidth": 1,
                      "fill": "#fff",
                      "style": {
                        "visibility": "hidden"
                      }
                    }
                  }
                },
                "bottom": {
                  "position": "bottom",
                  "attrs": {
                    "circle": {
                      "r": 4,
                      "magnet": true,
                      "stroke": "#5F95FF",
                      "strokeWidth": 1,
                      "fill": "#fff",
                      "style": {
                        "visibility": "hidden"
                      }
                    }
                  }
                },
                "left": {
                  "position": "left",
                  "attrs": {
                    "circle": {
                      "r": 4,
                      "magnet": true,
                      "stroke": "#5F95FF",
                      "strokeWidth": 1,
                      "fill": "#fff",
                      "style": {
                        "visibility": "hidden"
                      }
                    }
                  }
                }
              },
              "items": [
                {
                  "group": "top",
                  "id": "c128ba0c-df74-4a0e-b704-d01afb910647"
                },
                {
                  "group": "right",
                  "id": "12ff0422-0545-4ce3-9846-a48c5835f1c8"
                },
                {
                  "group": "bottom",
                  "id": "9b41dc49-7f58-45d3-a152-5acb9c1bb5d4"
                },
                {
                  "group": "left",
                  "id": "a5d7867d-169a-4042-bf7d-63b31b320eb3"
                }
              ]
            },
            "id": "4023654d-44e0-448b-aa40-426e16df1d01",
            "data": {
              "type": "tm.Process",
              "name": "Data ingestion \nlayer",
              "description": "",
              "outOfScope": false,
              "reasonOutOfScope": "",
              "hasOpenThreats": false,
              "handlesCardPayment": false,
              "handlesGoodsOrServices": false,
              "isWebApplication": false,
              "privilegeLevel": "",
              "threats": []
            },
            "zIndex": 5
          },
          {
            "position": {
              "x": 650,
              "y": 500
            },
            "size": {
              "width": 110,
              "height": 110
            },
            "attrs": {
              "text": {
                "text": "Network \ninfrastructure"
              },
              "body": {
                "stroke": "#333333",
                "strokeWidth": 1.5,
                "strokeDasharray": null
              }
            },
            "visible": true,
            "shape": "process",
            "ports": {
              "groups": {
                "top": {
                  "position": "top",
                  "attrs": {
                    "circle": {
                      "r": 4,
                      "magnet": true,
                      "stroke": "#5F95FF",
                      "strokeWidth": 1,
                      "fill": "#fff",
                      "style": {
                        "visibility": "hidden"
                      }
                    }
                  }
                },
                "right": {
                  "position": "right",
                  "attrs": {
                    "circle": {
                      "r": 4,
                      "magnet": true,
                      "stroke": "#5F95FF",
                      "strokeWidth": 1,
                      "fill": "#fff",
                      "style": {
                        "visibility": "hidden"
                      }
                    }
                  }
                },
                "bottom": {
                  "position": "bottom",
                  "attrs": {
                    "circle": {
                      "r": 4,
                      "magnet": true,
                      "stroke": "#5F95FF",
                      "strokeWidth": 1,
                      "fill": "#fff",
                      "style": {
                        "visibility": "hidden"
                      }
                    }
                  }
                },
                "left": {
                  "position": "left",
                  "attrs": {
                    "circle": {
                      "r": 4,
                      "magnet": true,
                      "stroke": "#5F95FF",
                      "strokeWidth": 1,
                      "fill": "#fff",
                      "style": {
                        "visibility": "hidden"
                      }
                    }
                  }
                }
              },
              "items": [
                {
                  "group": "top",
                  "id": "c128ba0c-df74-4a0e-b704-d01afb910647"
                },
                {
                  "group": "right",
                  "id": "12ff0422-0545-4ce3-9846-a48c5835f1c8"
                },
                {
                  "group": "bottom",
                  "id": "9b41dc49-7f58-45d3-a152-5acb9c1bb5d4"
                },
                {
                  "group": "left",
                  "id": "a5d7867d-169a-4042-bf7d-63b31b320eb3"
                }
              ]
            },
            "id": "a8a1d420-66ea-4a96-afc7-ac7d1198f5e9",
            "data": {
              "type": "tm.Process",
              "name": "Network \ninfrastructure",
              "description": "",
              "outOfScope": false,
              "reasonOutOfScope": "",
              "hasOpenThreats": false,
              "handlesCardPayment": false,
              "handlesGoodsOrServices": false,
              "isWebApplication": false,
              "privilegeLevel": "",
              "threats": []
            },
            "zIndex": 6
          },
          {
            "position": {
              "x": 630,
              "y": 830
            },
            "size": {
              "width": 110,
              "height": 110
            },
            "attrs": {
              "text": {
                "text": "Authentication \nsystem"
              },
              "body": {
                "stroke": "#333333",
                "strokeWidth": 1.5,
                "strokeDasharray": null
              }
            },
            "visible": true,
            "shape": "process",
            "ports": {
              "groups": {
                "top": {
                  "position": "top",
                  "attrs": {
                    "circle": {
                      "r": 4,
                      "magnet": true,
                      "stroke": "#5F95FF",
                      "strokeWidth": 1,
                      "fill": "#fff",
                      "style": {
                        "visibility": "hidden"
                      }
                    }
                  }
                },
                "right": {
                  "position": "right",
                  "attrs": {
                    "circle": {
                      "r": 4,
                      "magnet": true,
                      "stroke": "#5F95FF",
                      "strokeWidth": 1,
                      "fill": "#fff",
                      "style": {
                        "visibility": "hidden"
                      }
                    }
                  }
                },
                "bottom": {
                  "position": "bottom",
                  "attrs": {
                    "circle": {
                      "r": 4,
                      "magnet": true,
                      "stroke": "#5F95FF",
                      "strokeWidth": 1,
                      "fill": "#fff",
                      "style": {
                        "visibility": "hidden"
                      }
                    }
                  }
                },
                "left": {
                  "position": "left",
                  "attrs": {
                    "circle": {
                      "r": 4,
                      "magnet": true,
                      "stroke": "#5F95FF",
                      "strokeWidth": 1,
                      "fill": "#fff",
                      "style": {
                        "visibility": "hidden"
                      }
                    }
                  }
                }
              },
              "items": [
                {
                  "group": "top",
                  "id": "c128ba0c-df74-4a0e-b704-d01afb910647"
                },
                {
                  "group": "right",
                  "id": "12ff0422-0545-4ce3-9846-a48c5835f1c8"
                },
                {
                  "group": "bottom",
                  "id": "9b41dc49-7f58-45d3-a152-5acb9c1bb5d4"
                },
                {
                  "group": "left",
                  "id": "a5d7867d-169a-4042-bf7d-63b31b320eb3"
                }
              ]
            },
            "id": "89cf2043-eaf8-4559-b95d-28faaf092714",
            "data": {
              "type": "tm.Process",
              "name": "Authentication \nsystem",
              "description": "",
              "outOfScope": false,
              "reasonOutOfScope": "",
              "hasOpenThreats": false,
              "handlesCardPayment": false,
              "handlesGoodsOrServices": false,
              "isWebApplication": false,
              "privilegeLevel": "",
              "threats": []
            },
            "zIndex": 7
          },
          {
            "shape": "flow",
            "attrs": {
              "line": {
                "stroke": "#333333",
                "targetMarker": {
                  "name": "block"
                },
                "sourceMarker": {
                  "name": ""
                },
                "strokeDasharray": null
              }
            },
            "width": 200,
            "height": 100,
            "zIndex": 10,
            "connector": "smooth",
            "data": {
              "type": "tm.Flow",
              "name": "User requests",
              "description": "",
              "outOfScope": false,
              "reasonOutOfScope": "",
              "hasOpenThreats": false,
              "isBidirectional": false,
              "isEncrypted": false,
              "isPublicNetwork": false,
              "protocol": "",
              "threats": []
            },
            "labels": [
              "User requests"
            ],
            "id": "8d3322b8-26d8-429e-8b10-d6a3e8cd9670",
            "source": {
              "cell": "f7fabde1-ecc4-4a0c-996c-b4f0e28f44e0",
              "port": "5954ce1e-494a-46d2-afab-9510e601f648"
            },
            "target": {
              "cell": "a8a1d420-66ea-4a96-afc7-ac7d1198f5e9",
              "port": "c128ba0c-df74-4a0e-b704-d01afb910647"
            },
            "vertices": [
              {
                "x": 790,
                "y": 320
              }
            ]
          },
          {
            "shape": "flow",
            "attrs": {
              "line": {
                "stroke": "#333333",
                "targetMarker": {
                  "name": "block"
                },
                "sourceMarker": {
                  "name": ""
                },
                "strokeDasharray": null
              }
            },
            "width": 200,
            "height": 100,
            "zIndex": 10,
            "connector": "smooth",
            "data": {
              "type": "tm.Flow",
              "name": "User access requests",
              "description": "",
              "outOfScope": false,
              "reasonOutOfScope": "",
              "hasOpenThreats": false,
              "isBidirectional": false,
              "isEncrypted": false,
              "isPublicNetwork": false,
              "protocol": "",
              "threats": []
            },
            "labels": [
              "User access requests"
            ],
            "id": "2bc623df-831d-41e2-a1d9-df67650ce64d",
            "source": {
              "cell": "a8a1d420-66ea-4a96-afc7-ac7d1198f5e9",
              "port": "9b41dc49-7f58-45d3-a152-5acb9c1bb5d4"
            },
            "target": {
              "cell": "89cf2043-eaf8-4559-b95d-28faaf092714",
              "port": "c128ba0c-df74-4a0e-b704-d01afb910647"
            },
            "vertices": [
              {
                "x": 650,
                "y": 660
              },
              {
                "x": 610,
                "y": 760
              }
            ]
          },
          {
            "shape": "flow",
            "attrs": {
              "line": {
                "stroke": "#333333",
                "targetMarker": {
                  "name": "block"
                },
                "sourceMarker": {
                  "name": ""
                },
                "strokeDasharray": null
              }
            },
            "width": 200,
            "height": 100,
            "zIndex": 10,
            "connector": "smooth",
            "data": {
              "type": "tm.Flow",
              "name": "Processed data",
              "description": "",
              "outOfScope": false,
              "reasonOutOfScope": "",
              "hasOpenThreats": false,
              "isBidirectional": false,
              "isEncrypted": false,
              "isPublicNetwork": false,
              "protocol": "",
              "threats": []
            },
            "labels": [
              "Processed data"
            ],
            "id": "bd3632e7-9de8-4006-9896-4f6b8402b607",
            "source": {
              "cell": "4023654d-44e0-448b-aa40-426e16df1d01",
              "port": "12ff0422-0545-4ce3-9846-a48c5835f1c8"
            },
            "target": {
              "cell": "a8a1d420-66ea-4a96-afc7-ac7d1198f5e9",
              "port": "a5d7867d-169a-4042-bf7d-63b31b320eb3"
            },
            "vertices": [
              {
                "x": 520,
                "y": 555
              }
            ]
          },
          {
            "shape": "flow",
            "attrs": {
              "line": {
                "stroke": "#333333",
                "targetMarker": {
                  "name": "block"
                },
                "sourceMarker": {
                  "name": ""
                },
                "strokeDasharray": null
              }
            },
            "width": 200,
            "height": 100,
            "zIndex": 10,
            "connector": "smooth",
            "data": {
              "type": "tm.Flow",
              "name": "Raw data \n(from external \nsources)",
              "description": "",
              "outOfScope": false,
              "reasonOutOfScope": "",
              "hasOpenThreats": false,
              "isBidirectional": false,
              "isEncrypted": false,
              "isPublicNetwork": false,
              "protocol": "",
              "threats": []
            },
            "labels": [
              "Raw data \n(from external \nsources)"
            ],
            "id": "fc4f309b-3772-4f79-a441-9cda9288e219",
            "source": {
              "cell": "a8a1d420-66ea-4a96-afc7-ac7d1198f5e9",
              "port": "a5d7867d-169a-4042-bf7d-63b31b320eb3"
            },
            "target": {
              "cell": "4023654d-44e0-448b-aa40-426e16df1d01",
              "port": "12ff0422-0545-4ce3-9846-a48c5835f1c8"
            },
            "vertices": [
              {
                "x": 550,
                "y": 620
              }
            ]
          },
          {
            "shape": "flow",
            "attrs": {
              "line": {
                "stroke": "#333333",
                "targetMarker": {
                  "name": "block"
                },
                "sourceMarker": {
                  "name": ""
                },
                "strokeDasharray": null
              }
            },
            "width": 200,
            "height": 100,
            "zIndex": 10,
            "connector": "smooth",
            "data": {
              "type": "tm.Flow",
              "name": "Processed insights",
              "description": "",
              "outOfScope": false,
              "reasonOutOfScope": "",
              "hasOpenThreats": false,
              "isBidirectional": false,
              "isEncrypted": false,
              "isPublicNetwork": false,
              "protocol": "",
              "threats": []
            },
            "labels": [
              "Processed insights"
            ],
            "id": "e383efb0-bf86-4819-a7c1-65eaeaad6e89",
            "source": {
              "cell": "d9531edb-78fc-4da0-a84b-25a84254b435",
              "port": "a5d7867d-169a-4042-bf7d-63b31b320eb3"
            },
            "target": {
              "cell": "a8a1d420-66ea-4a96-afc7-ac7d1198f5e9",
              "port": "12ff0422-0545-4ce3-9846-a48c5835f1c8"
            },
            "vertices": [
              {
                "x": 900,
                "y": 505
              }
            ]
          },
          {
            "shape": "flow",
            "attrs": {
              "line": {
                "stroke": "#333333",
                "targetMarker": {
                  "name": "block"
                },
                "sourceMarker": {
                  "name": ""
                },
                "strokeDasharray": null
              }
            },
            "width": 200,
            "height": 100,
            "zIndex": 10,
            "connector": "smooth",
            "data": {
              "type": "tm.Flow",
              "name": "System logs",
              "description": "",
              "outOfScope": false,
              "reasonOutOfScope": "",
              "hasOpenThreats": false,
              "isBidirectional": false,
              "isEncrypted": false,
              "isPublicNetwork": false,
              "protocol": "",
              "threats": []
            },
            "labels": [
              "System logs"
            ],
            "id": "57709c86-71b5-4d1a-9ec7-300de1de4445",
            "source": {
              "cell": "a8a1d420-66ea-4a96-afc7-ac7d1198f5e9",
              "port": "12ff0422-0545-4ce3-9846-a48c5835f1c8"
            },
            "target": {
              "cell": "084d0103-9d13-4a7c-9823-792b20520d95",
              "port": "c2511ab8-9570-4f54-8934-3f7f6a61b334"
            },
            "vertices": [
              {
                "x": 930,
                "y": 670
              }
            ]
          },
          {
            "shape": "flow",
            "attrs": {
              "line": {
                "stroke": "#333333",
                "targetMarker": {
                  "name": "block"
                },
                "sourceMarker": {
                  "name": ""
                },
                "strokeDasharray": null
              }
            },
            "width": 200,
            "height": 100,
            "zIndex": 10,
            "connector": "smooth",
            "data": {
              "type": "tm.Flow",
              "name": "Processed data",
              "description": "",
              "outOfScope": false,
              "reasonOutOfScope": "",
              "hasOpenThreats": false,
              "isBidirectional": false,
              "isEncrypted": false,
              "isPublicNetwork": false,
              "protocol": "",
              "threats": []
            },
            "labels": [
              "Processed data"
            ],
            "id": "c355388a-84aa-45d9-932d-9ae0a796fe45",
            "source": {
              "cell": "a8a1d420-66ea-4a96-afc7-ac7d1198f5e9",
              "port": "12ff0422-0545-4ce3-9846-a48c5835f1c8"
            },
            "target": {
              "cell": "d9531edb-78fc-4da0-a84b-25a84254b435",
              "port": "a5d7867d-169a-4042-bf7d-63b31b320eb3"
            },
            "vertices": [
              {
                "x": 930,
                "y": 555
              }
            ]
          },
          {
            "shape": "flow",
            "attrs": {
              "line": {
                "stroke": "#333333",
                "targetMarker": {
                  "name": "block"
                },
                "sourceMarker": {
                  "name": ""
                },
                "strokeDasharray": null
              }
            },
            "width": 200,
            "height": 100,
            "zIndex": 10,
            "connector": "smooth",
            "data": {
              "type": "tm.Flow",
              "name": "Authenticated users ",
              "description": "",
              "outOfScope": false,
              "reasonOutOfScope": "",
              "hasOpenThreats": false,
              "isBidirectional": false,
              "isEncrypted": false,
              "isPublicNetwork": false,
              "protocol": "",
              "threats": []
            },
            "labels": [
              "Authenticated users "
            ],
            "id": "1b94cb66-3e09-49be-849d-ba32bbe7ff1d",
            "source": {
              "cell": "a8a1d420-66ea-4a96-afc7-ac7d1198f5e9",
              "port": "9b41dc49-7f58-45d3-a152-5acb9c1bb5d4"
            },
            "target": {
              "cell": "89cf2043-eaf8-4559-b95d-28faaf092714",
              "port": "c128ba0c-df74-4a0e-b704-d01afb910647"
            },
            "vertices": [
              {
                "x": 760,
                "y": 750
              }
            ]
          },
          {
            "shape": "flow",
            "attrs": {
              "line": {
                "stroke": "#333333",
                "targetMarker": {
                  "name": "block"
                },
                "sourceMarker": {
                  "name": ""
                },
                "strokeDasharray": null
              }
            },
            "width": 200,
            "height": 100,
            "zIndex": 10,
            "connector": "smooth",
            "data": {
              "type": "tm.Flow",
              "name": "Calculated insights ",
              "description": "",
              "outOfScope": false,
              "reasonOutOfScope": "",
              "hasOpenThreats": false,
              "isBidirectional": false,
              "isEncrypted": false,
              "isPublicNetwork": false,
              "protocol": "",
              "threats": []
            },
            "labels": [
              "Calculated insights "
            ],
            "id": "51f445f6-63ef-4f40-afac-a5ccb212184a",
            "source": {
              "x": 710,
              "y": 500
            },
            "target": {
              "cell": "f7fabde1-ecc4-4a0c-996c-b4f0e28f44e0",
              "port": "5954ce1e-494a-46d2-afab-9510e601f648"
            },
            "vertices": [
              {
                "x": 670,
                "y": 290
              }
            ]
          },
          {
            "shape": "flow",
            "attrs": {
              "line": {
                "stroke": "#333333",
                "targetMarker": {
                  "name": "block"
                },
                "sourceMarker": {
                  "name": ""
                },
                "strokeDasharray": null
              }
            },
            "width": 200,
            "height": 100,
            "zIndex": 10,
            "connector": "smooth",
            "data": {
              "type": "tm.Flow",
              "name": "Stored data retrieval \n",
              "description": "",
              "outOfScope": false,
              "reasonOutOfScope": "",
              "hasOpenThreats": false,
              "isBidirectional": false,
              "isEncrypted": false,
              "isPublicNetwork": false,
              "protocol": "",
              "threats": []
            },
            "labels": [
              "Stored data retrieval \n"
            ],
            "id": "c6d9c4b7-d2b6-43d9-8dcd-2821564ffa46",
            "source": {
              "cell": "084d0103-9d13-4a7c-9823-792b20520d95",
              "port": "c2511ab8-9570-4f54-8934-3f7f6a61b334"
            },
            "target": {
              "cell": "a8a1d420-66ea-4a96-afc7-ac7d1198f5e9",
              "port": "12ff0422-0545-4ce3-9846-a48c5835f1c8"
            },
            "vertices": [
              {
                "x": 890,
                "y": 710
              }
            ]
          },
          {
            "shape": "trust-boundary-curve",
            "width": 200,
            "height": 100,
            "zIndex": 10,
            "connector": "smooth",
            "data": {
              "type": "tm.Boundary",
              "name": "Trust Boundary",
              "description": "",
              "isTrustBoundary": true,
              "hasOpenThreats": false
            },
            "labels": [
              {
                "attrs": {
                  "label": {
                    "text": "Trust Boundary"
                  }
                }
              }
            ],
            "id": "d470dd4a-1a16-49da-956f-c18aba78913a",
            "source": {
              "x": 1190,
              "y": 660
            },
            "target": {
              "x": 940,
              "y": 830
            },
            "vertices": [
              {
                "x": 1010,
                "y": 710
              }
            ]
          },
          {
            "shape": "flow",
            "attrs": {
              "line": {
                "stroke": "#333333",
                "targetMarker": {
                  "name": "block"
                },
                "sourceMarker": {
                  "name": ""
                },
                "strokeDasharray": null
              }
            },
            "width": 200,
            "height": 100,
            "zIndex": 10,
            "connector": "smooth",
            "data": {
              "type": "tm.Flow",
              "name": "Sensor data",
              "description": "",
              "outOfScope": false,
              "reasonOutOfScope": "",
              "hasOpenThreats": false,
              "isBidirectional": false,
              "isEncrypted": false,
              "isPublicNetwork": false,
              "protocol": "",
              "threats": []
            },
            "labels": [
              "Sensor data"
            ],
            "id": "d6369f9b-5b77-42d8-ac01-76b7684417c6",
            "source": {
              "cell": "b8a2b7d6-5a2f-4a36-a959-c3fb470ef513",
              "port": "5954ce1e-494a-46d2-afab-9510e601f648"
            },
            "target": {
              "cell": "a8a1d420-66ea-4a96-afc7-ac7d1198f5e9",
              "port": "c128ba0c-df74-4a0e-b704-d01afb910647"
            },
            "vertices": [
              {
                "x": 524,
                "y": 310
              }
            ]
          },
          {
            "shape": "trust-boundary-curve",
            "width": 200,
            "height": 100,
            "zIndex": 10,
            "connector": "smooth",
            "data": {
              "type": "tm.Boundary",
              "name": "Trust Boundary",
              "description": "",
              "isTrustBoundary": true,
              "hasOpenThreats": false
            },
            "labels": [
              {
                "attrs": {
                  "label": {
                    "text": "Trust Boundary"
                  }
                }
              }
            ],
            "id": "6bdf6a13-ee08-4e5c-b20e-ff5a6ed45b0d",
            "source": {
              "x": 500,
              "y": 930
            },
            "target": {
              "x": 890,
              "y": 920
            },
            "vertices": [
              {
                "x": 690,
                "y": 780
              }
            ]
          },
          {
            "shape": "trust-boundary-curve",
            "width": 200,
            "height": 100,
            "zIndex": 10,
            "connector": "smooth",
            "data": {
              "type": "tm.Boundary",
              "name": "Trust Boundary",
              "description": "",
              "isTrustBoundary": true,
              "hasOpenThreats": false
            },
            "labels": [
              {
                "attrs": {
                  "label": {
                    "text": "Trust Boundary"
                  }
                }
              }
            ],
            "id": "612710b7-ae12-425c-8aea-b2007c94731b",
            "source": {
              "x": 220,
              "y": 310
            },
            "target": {
              "x": 580,
              "y": 80
            },
            "vertices": [
              {
                "x": 540,
                "y": 310
              }
            ]
          },
          {
            "shape": "trust-boundary-curve",
            "width": 200,
            "height": 100,
            "zIndex": 10,
            "connector": "smooth",
            "data": {
              "type": "tm.Boundary",
              "name": "Trust Boundary",
              "description": "",
              "isTrustBoundary": true,
              "hasOpenThreats": false
            },
            "labels": [
              {
                "attrs": {
                  "label": {
                    "text": "Trust Boundary"
                  }
                }
              }
            ],
            "id": "affcbcdb-7afe-43e2-a5b8-41ec603fd328",
            "source": {
              "x": 630,
              "y": 50
            },
            "target": {
              "x": 890,
              "y": 80
            },
            "vertices": [
              {
                "x": 660,
                "y": 240
              },
              {
                "x": 830,
                "y": 260
              }
            ]
          },
          {
            "position": {
              "x": 1030,
              "y": 740
            },
            "size": {
              "width": 140,
              "height": 70
            },
            "attrs": {
              "text": {
                "text": "Database "
              },
              "topLine": {
                "strokeWidth": 1.5,
                "strokeDasharray": null
              },
              "bottomLine": {
                "strokeWidth": 1.5,
                "strokeDasharray": null
              }
            },
            "visible": true,
            "shape": "store",
            "ports": {
              "groups": {
                "top": {
                  "position": "top",
                  "attrs": {
                    "circle": {
                      "r": 4,
                      "magnet": true,
                      "stroke": "#5F95FF",
                      "strokeWidth": 1,
                      "fill": "#fff",
                      "style": {
                        "visibility": "hidden"
                      }
                    }
                  }
                },
                "right": {
                  "position": "right",
                  "attrs": {
                    "circle": {
                      "r": 4,
                      "magnet": true,
                      "stroke": "#5F95FF",
                      "strokeWidth": 1,
                      "fill": "#fff",
                      "style": {
                        "visibility": "hidden"
                      }
                    }
                  }
                },
                "bottom": {
                  "position": "bottom",
                  "attrs": {
                    "circle": {
                      "r": 4,
                      "magnet": true,
                      "stroke": "#5F95FF",
                      "strokeWidth": 1,
                      "fill": "#fff",
                      "style": {
                        "visibility": "hidden"
                      }
                    }
                  }
                },
                "left": {
                  "position": "left",
                  "attrs": {
                    "circle": {
                      "r": 4,
                      "magnet": true,
                      "stroke": "#5F95FF",
                      "strokeWidth": 1,
                      "fill": "#fff",
                      "style": {
                        "visibility": "hidden"
                      }
                    }
                  }
                }
              },
              "items": [
                {
                  "group": "top",
                  "id": "c2511ab8-9570-4f54-8934-3f7f6a61b334"
                },
                {
                  "group": "right",
                  "id": "cdf831a3-67f9-49ed-b2b3-a09e43bee131"
                },
                {
                  "group": "bottom",
                  "id": "c46301d1-de77-4eb5-a3f6-748fb82b5881"
                },
                {
                  "group": "left",
                  "id": "d18862c0-fccd-4aa1-b098-d9573a7e5eea"
                }
              ]
            },
            "id": "084d0103-9d13-4a7c-9823-792b20520d95",
            "zIndex": 11,
            "data": {
              "type": "tm.Store",
              "name": "Database ",
              "description": "",
              "outOfScope": false,
              "reasonOutOfScope": "",
              "hasOpenThreats": false,
              "isALog": false,
              "isEncrypted": false,
              "isSigned": false,
              "storesCredentials": false,
              "storesInventory": false,
              "threats": []
            }
          },
          {
            "position": {
              "x": 390,
              "y": 120
            },
            "size": {
              "width": 168.75000000000003,
              "height": 90
            },
            "attrs": {
              "text": {
                "text": "External data sources \n"
              },
              "body": {
                "stroke": "#333333",
                "strokeWidth": 1.5,
                "strokeDasharray": null
              }
            },
            "visible": true,
            "shape": "actor",
            "ports": {
              "groups": {
                "top": {
                  "position": "top",
                  "attrs": {
                    "circle": {
                      "r": 4,
                      "magnet": true,
                      "stroke": "#5F95FF",
                      "strokeWidth": 1,
                      "fill": "#fff",
                      "style": {
                        "visibility": "hidden"
                      }
                    }
                  }
                },
                "right": {
                  "position": "right",
                  "attrs": {
                    "circle": {
                      "r": 4,
                      "magnet": true,
                      "stroke": "#5F95FF",
                      "strokeWidth": 1,
                      "fill": "#fff",
                      "style": {
                        "visibility": "hidden"
                      }
                    }
                  }
                },
                "bottom": {
                  "position": "bottom",
                  "attrs": {
                    "circle": {
                      "r": 4,
                      "magnet": true,
                      "stroke": "#5F95FF",
                      "strokeWidth": 1,
                      "fill": "#fff",
                      "style": {
                        "visibility": "hidden"
                      }
                    }
                  }
                },
                "left": {
                  "position": "left",
                  "attrs": {
                    "circle": {
                      "r": 4,
                      "magnet": true,
                      "stroke": "#5F95FF",
                      "strokeWidth": 1,
                      "fill": "#fff",
                      "style": {
                        "visibility": "hidden"
                      }
                    }
                  }
                }
              },
              "items": [
                {
                  "group": "top",
                  "id": "33d9fdf2-f4e7-473d-8ea2-838ba275c7bc"
                },
                {
                  "group": "right",
                  "id": "48cd0ebe-a105-4029-a8aa-559932fc34da"
                },
                {
                  "group": "bottom",
                  "id": "5954ce1e-494a-46d2-afab-9510e601f648"
                },
                {
                  "group": "left",
                  "id": "c1f713d4-6fe3-4ae3-8460-ac41963ae053"
                }
              ]
            },
            "id": "b8a2b7d6-5a2f-4a36-a959-c3fb470ef513",
            "data": {
              "type": "tm.Actor",
              "name": "External data sources \n",
              "description": "",
              "outOfScope": false,
              "reasonOutOfScope": "",
              "hasOpenThreats": false,
              "providesAuthentication": false,
              "threats": []
            },
            "zIndex": 13
          }
        ],
        "version": "v2.3.0-RC1",
        "title": "New STRIDE diagram",
        "thumbnail": "./public/content/images/thumbnail.stride.jpg",
        "id": 0,
        "diagramType": "STRIDE"
      }
    ],
    "diagramTop": 1,
    "reviewer": "",
    "threatTop": 1
  }
}